id;name;created_date;last_modified_date;created_by;last_modified_by
1;Table;2022-12-23T17:11:40;2022-12-23T05:27:00;24103;96124
2;Integration;2022-12-23T04:48:09;2022-12-23T22:35:55;85439;89081
3;HTTP Checking;2022-12-23T02:57:17;2022-12-23T02:42:13;83161;83846
4;Berkshire Planner enterprise;2022-12-23T21:33:53;2022-12-24T00:12:18;18974;84884
5;Soap Salad killer;2022-12-23T19:57:01;2022-12-24T00:37:07;17869;52690
6;Washington;2022-12-23T02:02:13;2022-12-23T15:41:43;55787;26839
7;Designer array;2022-12-23T21:04:59;2022-12-23T08:05:45;19578;44764
8;Loan Music;2022-12-23T09:56:17;2022-12-23T12:53:34;21816;33352
9;Account Front-line plug-and-play;2022-12-23T19:00:49;2022-12-23T01:33:36;28989;76773
10;Rubber;2022-12-23T08:47:15;2022-12-23T12:01:10;88498;92065
